id,Delta,R0,i0
6002,18.0,1.669180644015713,4864.0
6003,17.0,1.8059883798513874,4177.0
6004,15.0,1.5769063547004132,7745.0
6005,19.0,1.604200528479181,7262.0
6006,17.0,1.5939294709815062,9290.0
6007,18.0,1.643577894187506,8292.0
6008,20.0,1.6497996729977071,6523.0
6009,18.0,1.7339312978664518,5892.0
6010,14.0,1.902995795484389,2672.0
6011,14.0,1.8967404030217347,2186.0
6012,19.0,1.8449039117283799,3003.0
6013,16.0,1.5512459640347525,8940.0
6014,17.0,1.6225699243616678,8799.0
6015,19.0,1.7671792082717876,3516.0
6016,15.0,1.689785064575297,5450.0
6017,20.0,1.6224345915446117,7538.0
6018,17.0,1.7941625052794568,3437.0
6019,21.0,1.7045326170707704,4174.0
6020,20.0,1.5811756137835737,8990.0
6021,18.0,1.7211114723135854,5812.0
6022,14.0,1.688690341578207,4867.0
6023,18.0,1.6786181461158263,4752.0
6024,21.0,1.6467301303674762,6530.0
6025,14.0,1.758029118103229,4559.0
6026,16.0,1.5903110248908403,7318.0
6027,20.0,1.5972269324427653,9873.0
6028,18.0,1.7744960694385106,4230.0
6029,16.0,1.6849583268546233,5729.0
6030,16.0,1.658866951478156,5450.0
6031,16.0,1.623886972230503,8543.0
6032,20.0,1.6972238410975977,5518.0
6033,19.0,1.6313023558032045,7430.0
6034,20.0,1.6971379799820323,5056.0
6035,20.0,1.5906661828092883,8634.0
6036,18.0,1.9740246764403941,1525.0
6037,18.0,1.591903218065727,7078.0
6038,18.0,1.817569940873881,2485.0
6039,19.0,1.6073616770662142,7745.0
6040,16.0,1.667671489583593,4655.0
6041,17.0,1.620724968415892,6200.0
6042,19.0,1.7249556471909597,5490.0
6043,15.0,1.7763873515628346,3083.0
6044,16.0,1.960270332690892,2183.0
6045,14.0,1.8133538875303172,3209.0
6046,18.0,1.7523042221911902,4515.0
6047,17.0,1.835084396708531,2971.0
6048,15.0,1.6722259220965106,6190.0
6049,14.0,1.7391303884952987,4335.0
6050,17.0,1.6697032170776913,5201.0
6051,14.0,2.03986166657891,1045.0
6052,19.0,1.566425138826791,8042.0
6053,21.0,1.6528081337319305,4858.0
6054,15.0,1.7158561508307613,4864.0
6055,17.0,1.591324372125147,6429.0
6056,17.0,1.7794597806768755,3110.0
6057,21.0,1.6226487682500088,8085.0
6058,16.0,1.6628424671178748,5655.0
6059,20.0,1.6159085552422412,7852.0
6060,14.0,1.845403743571947,3687.0
6061,16.0,1.80023546812254,4232.0
6062,13.0,1.7452623891329813,4195.0
6063,20.0,1.626293492784307,8195.0
6064,16.0,1.6875852441012098,4036.0
6065,18.0,1.770861029586776,5114.0
6066,17.0,1.5822979836566715,7829.0
6067,20.0,1.7227654250004472,4969.0
6068,17.0,1.595752251707831,8292.0
6069,20.0,1.8863484542659295,1791.0
6070,16.0,1.7798779618222191,2971.0
6071,16.0,1.5772701548115824,8004.0
6072,18.0,1.9602863455372384,1573.0
6073,16.0,1.6259224912061085,8004.0
6074,17.0,1.6261640006642537,8091.0
6075,22.0,1.5437101422385435,9120.0
6076,17.0,1.7104001865137495,5173.0
6077,21.0,1.6439520003659094,5146.0
6078,19.0,1.6556244525577382,6728.0
6079,14.0,1.8529409461116717,2485.0
6080,17.0,1.8052105625387664,2922.0
6081,19.0,1.5640785734337503,8199.0
6082,21.0,1.5806538875668383,9120.0
6083,18.0,1.6602391624291035,5122.0
6084,13.0,2.0153744552212833,1432.0
6085,17.0,1.714282352813447,5735.0
6086,20.0,1.6062309244733821,6449.0
6087,19.0,1.6244499000155181,7348.0
6088,18.0,1.7642919453419739,3407.0
6089,19.0,1.7959776055033758,3468.0
6090,19.0,1.6912524410154675,6700.0
6091,16.0,1.7821616367617708,3958.0
6092,18.0,1.753329370540718,3994.0
6093,18.0,1.5701853033349196,7679.0
6094,17.0,1.562514706210564,7534.0
6095,16.0,1.5678137679235764,7761.0
6096,18.0,1.6340003732138124,4958.0
6097,19.0,1.715639470954392,4516.0
6098,17.0,1.6623177297491076,5611.0
6099,20.0,1.78828791735101,3227.0
6100,13.0,1.9376201175861323,1909.0
6101,15.0,1.7147252877091699,5487.0
6102,15.0,1.7104594904379251,4655.0
6103,18.0,1.908110570855475,1974.0
6104,15.0,1.975046942544872,1461.0
6105,19.0,1.7576311900619899,3303.0
6106,16.0,1.7641626897456193,5138.0
6107,18.0,1.6082024146880078,7822.0
6108,17.0,1.6274304214470945,5433.0
6109,14.0,1.803765385767616,4174.0
6110,20.0,1.5707832807129873,7557.0
6111,14.0,1.7516147202738712,3563.0
6112,17.0,1.7385582153040153,5729.0
6113,16.0,1.5495662746516956,8659.0
6114,17.0,1.6549462888839324,7393.0
6115,16.0,1.6115218541838436,6133.0
6116,18.0,1.562887181694663,8510.0
6117,16.0,1.9248723506783338,1728.0
6118,14.0,1.867053188608462,2186.0
6119,19.0,1.7888539192426391,3584.0
6120,22.0,1.5505656422056395,7758.0
6121,16.0,1.6353117302928875,5490.0
6122,16.0,1.7377030183410516,5643.0
6123,16.0,1.9731842571137699,1921.0
6124,18.0,1.7011703458438383,4374.0
6125,17.0,1.7212447920939262,5490.0
6126,17.0,1.8445718606509574,3098.0
6127,19.0,1.7089840904725824,4958.0
6128,19.0,1.7067411147561677,5550.0
6129,15.0,1.6515928964117035,5892.0
6130,17.0,1.7638136219103266,4426.0
6131,16.0,1.6019859644769805,6675.0
6132,20.0,1.6138342989890508,7101.0
6133,18.0,1.6640177907122216,7275.0
6134,14.0,1.8271620400721433,2409.0
6135,15.0,1.6256108489692462,7166.0
6136,9.0,2.1729444382511773,774.0
6137,20.0,1.5435356028648615,9622.0
6138,14.0,1.7845736837752881,2971.0
6139,16.0,1.6649732933165846,5308.0
6140,17.0,1.573910215112241,7383.0
6141,18.0,1.6561963806793845,7081.0
6142,19.0,1.6987484169117293,4515.0
6143,19.0,1.6074643063790421,9290.0
6144,14.0,1.7436444391470634,5017.0
6145,13.0,2.010758391240213,1455.0
6146,15.0,1.612937679862331,6861.0
6147,16.0,1.7736583259224126,3227.0
6148,17.0,1.593314524303704,6559.0
6149,14.0,1.6748683189673736,4714.0
6150,17.0,1.7767624829857327,2863.0
6151,21.0,1.6468613080759982,5694.0
6152,14.0,1.9295990702759096,1673.0
6153,17.0,1.7557764703731105,5488.0
6154,19.0,1.62473250988654,6898.0
6155,19.0,1.5882947027927297,8836.0
6156,16.0,1.822510256105981,3180.0
6157,18.0,1.5824815934226388,8306.0
6158,18.0,1.6618233832786924,6156.0
6159,21.0,1.5836066657006227,8258.0
6160,21.0,1.5683328236632335,7081.0
6161,19.0,1.639548198382995,7593.0
6162,21.0,1.5797022227988724,9483.0
6163,17.0,1.8047250155940133,3951.0
6164,16.0,1.7128067980772914,5481.0
6165,20.0,1.821861037807736,2708.0
6166,17.0,1.6456994148824566,6557.0
6167,19.0,1.739085534902137,5333.0
6168,16.0,1.6295998289148326,5490.0
6169,14.0,1.6831722922467907,4969.0
6170,18.0,1.6609656617001147,6557.0
6171,13.0,1.7719920054655867,3143.0
6172,19.0,1.7136831890510495,3618.0
6173,15.0,1.8486596074199315,3387.0
6174,17.0,1.7295620608366271,5090.0
6175,16.0,1.7308217108170456,4234.0
6176,17.0,1.6503185949917853,7166.0
6177,19.0,1.6473951354545378,5247.0
6178,12.0,1.8167464505408593,2720.0
6179,18.0,1.6992910399755914,4037.0
6180,14.0,1.7759899917670934,3099.0
6181,14.0,1.707718299217047,4705.0
6182,18.0,1.8909001139632822,1956.0
6183,18.0,1.608008211433801,6824.0
6184,14.0,1.868669733295999,3098.0
6185,14.0,1.742592426591794,3632.0
6186,16.0,1.7837979142945988,4228.0
6187,16.0,1.8384673314655084,3396.0
6188,20.0,1.8276380433330175,2485.0
6189,14.0,1.9611964031425282,1515.0
6190,13.0,2.1302505585533664,970.0
6191,18.0,1.6569452954358086,5655.0
6192,18.0,1.7404608691919723,4427.0
6193,18.0,1.6132587120421849,6329.0
6194,17.0,1.672239266582928,5550.0
6195,17.0,1.735770196396459,3405.0
6196,14.0,1.7500353629116798,3944.0
6197,19.0,1.7062715346540909,3772.0
6198,13.0,1.945543330245156,2183.0
6199,14.0,1.8073416436455056,3017.0
6200,19.0,1.6174197337034983,5630.0
6201,14.0,2.005600069965159,1728.0
6202,17.0,1.6110355615195313,7348.0
6203,20.0,1.6657016606417165,4958.0
6204,16.0,1.808250374908169,3788.0
6205,17.0,1.6679668197416841,6094.0
6206,19.0,1.6476972069828824,5198.0
6207,19.0,1.5719858859694644,7181.0
6208,16.0,1.7397867952560044,4174.0
6209,14.0,1.7025664069747108,4036.0
6210,16.0,1.5840086665054172,8653.0
6211,17.0,1.7218432343201728,4397.0
6212,19.0,1.702812981564301,5251.0
6213,22.0,1.598380031651098,7343.0
6214,19.0,1.5528894747476774,7602.0
6215,18.0,1.6619277103892462,7324.0
6216,18.0,1.79035808884837,3558.0
6217,14.0,1.7521750526730673,3772.0
6218,20.0,1.6716919727538808,5251.0
6219,18.0,1.7433983729951417,4713.0
6220,19.0,1.5836420644804956,7587.0
6221,17.0,1.7528922545814716,5358.0
6222,14.0,1.7616404576179334,3283.0
6223,17.0,1.8682369959309364,2443.0
6224,20.0,1.6322264507346482,7534.0
6225,14.0,1.9128782454299433,1748.0
6226,16.0,1.7493465502082743,3776.0
6227,18.0,1.5622038344319498,8346.0
6228,15.0,1.9806980149991384,1573.0
6229,18.0,1.7350635586177887,5051.0
6230,16.0,1.809503594730521,3099.0
6231,18.0,1.6101343063357771,7464.0
6232,13.0,2.072346732887699,1016.0
6233,18.0,1.7480264866552846,4938.0
6234,19.0,1.6345607147620056,5655.0
6235,19.0,1.653040892212087,6156.0
6236,17.0,1.8089298443521948,2507.0
6237,18.0,1.7036223291850057,4444.0
6238,14.0,1.6638751683184838,5458.0
6239,15.0,1.9086103548857876,2022.0
6240,17.0,1.7478255693382507,5251.0
6241,17.0,1.759909000774711,4700.0
6242,18.0,1.7036085068185192,6607.0
6243,15.0,1.6774544204918893,5018.0
6244,15.0,1.734661176748233,4397.0
6245,15.0,1.7455259740606428,5247.0
6246,15.0,1.9132634840544633,1601.0
6247,19.0,1.6719723807901776,7021.0
6248,17.0,1.6866116587078135,6260.0
6249,15.0,1.899104891546365,2680.0
6250,17.0,1.8052877171653043,3199.0
6251,12.0,1.9028919791940369,2507.0
6252,14.0,1.6866355733037428,4732.0
6253,15.0,1.788984030450254,3405.0
6254,19.0,1.676411875686396,5962.0
6255,18.0,1.7671232098824878,4302.0
6256,16.0,1.5958923071418305,7728.0
6257,20.0,1.8524224991022773,1921.0
6258,18.0,1.6385564028002457,6685.0
6259,15.0,2.039971225781578,818.0
6260,20.0,1.8128772471389707,2380.0
6261,16.0,1.8182958424752782,4025.0
6262,18.0,1.85284222403117,2380.0
6263,17.0,1.8595573565047596,3199.0
6264,17.0,1.8150538151921316,3736.0
6265,20.0,1.8958438385176348,1921.0
6266,17.0,1.6423876446122843,7311.0
6267,19.0,1.6504509309795932,5129.0
6268,19.0,1.6786322603966866,5918.0
6269,12.0,1.9095587607276199,2084.0
6270,15.0,1.6581552382806808,5640.0
6271,15.0,1.7214277563201847,4655.0
6272,18.0,1.609985925084266,8288.0
6273,16.0,1.8085998753279529,4302.0
6274,17.0,1.5401140783005423,9935.0
6275,17.0,1.8790244443986872,2186.0
6276,18.0,1.831056551492189,2532.0
6277,19.0,1.565458191881504,8640.0
6278,18.0,1.7321415326114007,3558.0
6279,17.0,2.076260744522975,1045.0
6280,19.0,1.628161056727203,7306.0
6281,17.0,1.8690946336903587,2689.0
6282,11.0,2.1421153388891927,1016.0
6283,16.0,1.8651766944981274,3081.0
6284,13.0,1.7118842905078462,4129.0
6285,17.0,1.637597086781607,7063.0
6286,16.0,1.6716958389221388,4445.0
6287,22.0,1.5686347232563744,7332.0
6288,15.0,1.7813573994429162,4752.0
6289,12.0,1.9765475139780206,1204.0
6290,21.0,1.6509585835826779,5729.0
6291,18.0,1.6549688394531943,7880.0
6292,19.0,1.702512747951225,4302.0
6293,14.0,1.6706634969891674,5599.0
6294,21.0,1.5289525394412775,9153.0
6295,19.0,1.631982444399285,8071.0
6296,17.0,1.561326915271493,7577.0
6297,14.0,1.6501570569006454,5640.0
6298,20.0,1.7525499569227208,3772.0
6299,19.0,1.6517230250299304,8383.0
6300,14.0,1.7289070409116363,3407.0
6301,18.0,1.6831986421967655,6200.0
6302,20.0,1.8803811090367042,2183.0
6303,12.0,2.118353982577214,818.0
6304,18.0,1.6560358612063666,5729.0
6305,20.0,1.606639759817342,7534.0
6306,19.0,1.7797356564280897,3597.0
6307,16.0,1.5546220453355193,8107.0
6308,21.0,1.6256604695267782,6021.0
6309,18.0,1.6705419305111298,5314.0
6310,18.0,1.7349563605184477,5643.0
6311,19.0,1.6968366265283383,6475.0
6312,15.0,1.6971194784957024,4704.0
6313,18.0,1.836123140578561,3387.0
6314,18.0,1.8173745135575643,3646.0
6315,20.0,1.723079750195394,5308.0
6316,15.0,1.9276547245814881,1921.0
6317,17.0,1.7131567472541758,5450.0
6318,14.0,1.6726042408345236,5862.0
6319,19.0,1.5650505117959408,7117.0
6320,17.0,1.8505783093971837,2414.0
6321,19.0,1.6121165227437495,8627.0
6322,17.0,1.683046759902183,6714.0
6323,19.0,1.5799864858834627,8783.0
6324,15.0,1.5947564527929323,7594.0
6325,18.0,1.83945492311463,3377.0
6326,16.0,1.5748224745358619,7798.0
6327,16.0,1.7939788892288338,2753.0
6328,19.0,1.6355077584961135,5327.0
6329,19.0,1.6067574722420188,8233.0
6330,17.0,1.6403366106832626,7230.0
6331,19.0,1.6182800195916307,7081.0
6332,20.0,1.7816494147197073,3099.0
6333,19.0,1.73868295965993,5165.0
6334,14.0,1.7914841487623492,3303.0
6335,15.0,1.7833646411111705,4515.0
6336,22.0,1.54535508025869,9317.0
6337,19.0,1.5444364125297154,8935.0
6338,20.0,1.7559485929965863,3697.0
6339,17.0,1.5984709544785343,5920.0
6340,15.0,1.7725292260941976,3387.0
6341,19.0,1.5712196048998626,8705.0
6342,18.0,1.583079076980188,7003.0
6343,14.0,1.816957626808266,3639.0
6344,19.0,1.648112468697342,5214.0
6345,17.0,1.5651101166684667,8516.0
6346,17.0,1.6559381126890487,7146.0
6347,16.0,1.6285135722033832,5847.0
6348,16.0,1.608590424677718,7318.0
6349,17.0,1.5825122794970943,8510.0
6350,17.0,1.7624680658045788,3468.0
6351,17.0,1.8542713799474486,2485.0
6352,20.0,1.6548345393729826,5653.0
6353,17.0,1.5807049479143098,7063.0
6354,18.0,1.6793323699784006,4450.0
6355,18.0,1.6656569490150674,5985.0
6356,12.0,1.9133785801125944,1606.0
6357,18.0,1.5862134386376914,7745.0
6358,20.0,1.6758584956109706,7117.0
6359,18.0,1.6364402826178428,5643.0
6360,17.0,1.7406852144494012,4713.0
6361,17.0,1.5408101284779925,8755.0
6362,17.0,1.9293093592169608,2173.0
6363,18.0,1.6386894939535834,8783.0
6364,21.0,1.6970402080017062,4488.0
6365,18.0,1.6592628609106188,6366.0
6366,20.0,1.5924554825400907,8705.0
6367,15.0,1.7484217607229715,4958.0
6368,11.0,2.0020103460293526,1606.0
6369,18.0,1.5933787570186206,7644.0
6370,21.0,1.5918402572190076,6556.0
6371,14.0,1.8362244773090506,3355.0
6372,17.0,1.532872976432899,9261.0
6373,18.0,1.6174145480425282,6728.0
6374,14.0,1.8098846629313197,3639.0
6375,19.0,1.5861922557130579,7745.0
6376,18.0,1.72298739772665,5538.0
6377,18.0,1.5401911750334596,9724.0
6378,20.0,1.739704306076933,3584.0
6379,18.0,1.6914215827542802,4073.0
6380,21.0,1.6126044917637465,6146.0
6381,18.0,1.8398598323319684,3140.0
6382,16.0,1.7422446292915985,3344.0
6383,18.0,1.8126043230479838,3212.0
6384,20.0,1.7291303958658895,3628.0
6385,19.0,1.5160545371133523,9427.0
6386,13.0,1.987004669584077,1573.0
6387,18.0,1.674388845877331,7848.0
6388,17.0,1.9599821960996848,1573.0
6389,16.0,1.6914386366432979,5729.0
6390,19.0,1.6391874972318587,5122.0
6391,16.0,1.5542884669345662,8146.0
6392,20.0,1.5939334599820458,6700.0
6393,16.0,1.6101970326082917,6923.0
6394,17.0,1.820551795110425,3584.0
6395,16.0,1.6374787503677461,7412.0
6396,18.0,1.6342853341038674,7587.0
6397,15.0,1.6876145866384766,6557.0
6398,16.0,1.6349456589740503,7412.0
6399,18.0,1.6217817278015632,7306.0
6400,17.0,1.7741276463673947,4397.0
6401,19.0,1.5864017391343643,6675.0
6402,18.0,1.5599822736652686,7275.0
6403,16.0,1.626719122282621,7211.0
6404,17.0,1.64605294213672,8087.0
6405,22.0,1.6335082705145745,6007.0
6406,16.0,1.6554680262704136,6923.0
6407,17.0,1.6981955094690877,5180.0
6408,17.0,1.6241936857711239,7181.0
6409,20.0,1.560507008417161,8510.0
6410,13.0,1.894699816220214,2715.0
6411,19.0,1.5342417643249175,8705.0
6412,20.0,1.6193711526246855,8529.0
6413,21.0,1.5711431388428323,8756.0
6414,17.0,1.775594454640106,2971.0
6415,19.0,1.701074492193273,4936.0
6416,17.0,1.6930333320004465,4072.0
6417,18.0,1.552220387457918,7923.0
6418,18.0,1.7704245311156532,4945.0
6419,16.0,1.5885443030926778,9043.0
6420,18.0,1.7473357110846117,4704.0
6421,17.0,1.6356347072766544,6728.0
6422,14.0,1.9170003226082022,2507.0
6423,18.0,1.6333523761651088,7295.0
6424,20.0,1.7296975390737581,4559.0
6425,12.0,1.9362936719996864,2053.0
6426,19.0,1.6036676800796037,5985.0
6427,20.0,1.883980112735931,2053.0
6428,17.0,1.6180334097222588,8142.0
6429,18.0,1.5004033956317842,9655.0
6430,20.0,1.6467274626415165,8432.0
6431,16.0,1.6108459127435606,6260.0
6432,20.0,1.6529756998416094,5729.0
6433,14.0,1.6587052394676849,5640.0
6434,19.0,1.5771362107708182,9310.0
6435,19.0,1.6215286119940213,8516.0
6436,21.0,1.6149419280633113,7081.0
6437,18.0,1.8520213864120072,2558.0
6438,22.0,1.6133803345952378,7003.0
6439,16.0,1.7341533225901649,3621.0
6440,18.0,1.690020150823039,4938.0
6441,14.0,1.7579545040515538,3386.0
6442,16.0,1.6033876742668276,7679.0
6443,15.0,1.7669277993239727,3418.0
6444,14.0,1.7828744452090264,3324.0
6445,14.0,1.9663075011527147,2183.0
6446,14.0,1.731236609789721,5180.0
6447,19.0,1.7578027386337107,3565.0
6448,18.0,1.5973116307393076,9494.0
6449,17.0,1.6662778181656932,7117.0
6450,16.0,1.5760618137156706,8292.0
6451,18.0,1.6141437092284403,5985.0
6452,20.0,1.572671964893362,7577.0
6453,17.0,1.6208880500321055,5881.0
6454,14.0,1.7147914602007477,4858.0
6455,13.0,1.7507932172831524,4025.0
6456,13.0,1.902208074526496,2720.0
6457,18.0,1.6704109488434793,5017.0
6458,11.0,1.938909924160414,1959.0
6459,17.0,1.7576127508476092,5051.0
6460,17.0,1.6123287207586279,6051.0
6461,17.0,1.690873225676511,5734.0
6462,19.0,1.6744176866013065,6260.0
6463,16.0,1.9160000979905836,2186.0
6464,18.0,1.5920135586406676,8373.0
6465,14.0,1.7556841384462476,3437.0
6466,20.0,1.5338536282869004,8767.0
6467,18.0,1.7266349305726116,5812.0
6468,14.0,1.6792843316465953,5161.0
6469,20.0,1.6893750740141311,5637.0
6470,18.0,1.7286588706141515,4454.0
6471,20.0,1.5544451245220696,7383.0
6472,18.0,1.6003433621890784,7299.0
6473,14.0,1.6828973315605074,4485.0
6474,18.0,1.6619390995384398,4848.0
6475,15.0,1.6531832440390828,4938.0
6476,15.0,1.6425300504863347,6818.0
6477,16.0,1.6811297853349407,5214.0
6478,18.0,1.6089851540328268,6142.0
6479,18.0,1.6823181176959552,6724.0
6480,17.0,1.6752794931933375,6897.0
6481,21.0,1.654889166602009,5300.0
6482,18.0,1.563029662237979,7383.0
6483,15.0,1.791059743180881,2753.0
6484,18.0,1.655435821647701,5251.0
6485,18.0,1.6487737873327593,5913.0
6486,18.0,1.6138443224148655,7923.0
6487,17.0,1.8303421489050113,4109.0
6488,21.0,1.6884539140400956,4627.0
6489,20.0,1.6191833916612113,7935.0
6490,22.0,1.5818190625425306,8087.0
6491,18.0,1.8737603743466702,2558.0
6492,18.0,1.7617318498204622,4493.0
6493,14.0,1.6624231860961514,5643.0
6494,14.0,1.8252675680770931,3772.0
6495,13.0,1.8938004968153008,1997.0
6496,21.0,1.6215974781461326,6091.0
6497,18.0,2.0276332243462813,995.0
6498,22.0,1.550496204968714,8087.0
6499,19.0,1.765695745250689,4938.0
6500,18.0,1.8254455805801952,2443.0
6501,19.0,1.575589157570578,8767.0
6502,17.0,1.7174646614355737,4881.0
6503,17.0,1.5801121230018702,7383.0
6504,17.0,1.8171813873688367,2680.0
6505,15.0,1.688248767182562,4117.0
6506,22.0,1.659131979695433,5581.0
6507,18.0,1.9308519406261733,1899.0
6508,20.0,1.6913402693681103,5637.0
6509,21.0,1.5484154453902064,8940.0
6510,17.0,1.6970405265298154,4713.0
6511,20.0,1.6849565924034071,5700.0
6512,17.0,1.634830111883387,5862.0
6513,19.0,1.6450018860685274,7146.0
6514,17.0,1.8599014147932444,2971.0
6515,12.0,1.931344061035663,2144.0
6516,17.0,1.6464828330870342,5178.0
6517,19.0,1.5774896311100222,9531.0
6518,18.0,1.6122473645199409,9384.0
6519,14.0,1.8309806063747276,2450.0
6520,16.0,1.7049170780470264,4427.0
6521,21.0,1.5546693902896773,9078.0
6522,18.0,1.6460591740350168,7063.0
6523,16.0,1.6006811097195233,8783.0
6524,18.0,1.561439218735956,9142.0
6525,16.0,1.6337227080604442,6812.0
6526,19.0,1.679013498103549,7250.0
6527,22.0,1.5653417093055466,8520.0
6528,18.0,1.6522827012313497,5643.0
6529,21.0,1.676368313915852,5146.0
6530,19.0,1.6281763670062348,7063.0
6531,15.0,1.6096052528795104,6627.0
6532,17.0,1.688145808562062,6923.0
6533,15.0,1.8859198323450195,2863.0
6534,19.0,1.7670254794458362,3387.0
6535,15.0,1.741294108211494,5129.0
6536,14.0,2.1583094269150456,659.0
6537,18.0,1.6172548335376038,6449.0
6538,17.0,1.7288762218478446,3517.0
6539,20.0,1.6942700481942712,4374.0
6540,20.0,1.5265075159463757,9124.0
6541,14.0,1.6167234929198675,6078.0
6542,13.0,1.7946226007772232,2971.0
6543,21.0,1.6009166846909189,8576.0
6544,18.0,1.6442129710345041,8010.0
6545,18.0,1.6426915698740652,7577.0
6546,20.0,1.544054179120463,9900.0
6547,16.0,1.7762839037139755,4745.0
6548,12.0,1.9321079975914695,1815.0
6549,20.0,1.591185347076002,9832.0
6550,17.0,1.568046625346156,7602.0
6551,14.0,1.8011799014435343,3140.0
6552,18.0,1.8012724231504498,3387.0
6553,18.0,1.7949269342910061,3452.0
6554,17.0,1.5505391381651512,8402.0
6555,19.0,1.6997699424317132,4485.0
6556,19.0,1.7294775546085421,5812.0
6557,13.0,1.9436457701509822,2144.0
6558,16.0,1.6008740022129213,9362.0
6559,18.0,1.6258233513055185,7294.0
6560,17.0,1.6404228060267099,8321.0
6561,19.0,1.6572637764575848,7888.0
6562,14.0,1.7453176569771176,3649.0
6563,17.0,1.637371852752777,6142.0
6564,15.0,1.9483323126092216,1883.0
6565,16.0,1.588788656725318,9195.0
6566,14.0,1.6728458043833392,6218.0
6567,18.0,1.692083452092634,5908.0
6568,19.0,1.5251209075986765,9036.0
6569,17.0,1.7558967608881213,5201.0
6570,16.0,1.624950618983547,6683.0
6571,17.0,1.7498268955770175,4858.0
6572,17.0,1.7183508231946196,4945.0
6573,20.0,1.8321690365728232,2517.0
6574,15.0,1.6184889625303553,7172.0
6575,15.0,1.7545924516599438,5300.0
6576,20.0,1.763790991075344,3264.0
6577,16.0,2.059396018340177,897.0
6578,20.0,1.643260226778525,5122.0
6579,19.0,1.6366914890531714,5251.0
6580,17.0,1.5996271946303342,7430.0
6581,14.0,1.7020920296521134,4263.0
6582,15.0,1.99162786279223,1455.0
6583,21.0,1.6527405556263122,5703.0
6584,19.0,1.6446045463582049,8488.0
6585,21.0,1.580693344449305,8705.0
6586,18.0,1.791394545908927,2689.0
6587,19.0,1.6014824567026749,6545.0
6588,17.0,1.6952005110498287,5122.0
6589,16.0,1.9353611615192052,2061.0
6590,18.0,1.6668767849279078,7306.0
6591,18.0,1.7303177480518952,4903.0
6592,16.0,1.6759404526402828,5300.0
6593,20.0,1.6016760832560761,6162.0
6594,13.0,1.8486126012307857,2532.0
6595,17.0,1.9018925194546772,2334.0
6596,12.0,2.189792607970518,753.0
6597,20.0,1.6759425259845795,6146.0
6598,21.0,1.6539076562396635,5302.0
6599,16.0,1.7280932878489672,4540.0
6600,17.0,1.8544043620827093,2485.0
6601,19.0,1.7549040132091895,4752.0
6602,18.0,1.796876883689629,2599.0
6603,15.0,1.7883643701148828,2952.0
6604,19.0,1.6970744796311696,5655.0
6605,21.0,1.5821008652603654,9124.0
6606,19.0,1.540836773876102,9613.0
6607,18.0,1.6604195178019776,5514.0
6608,21.0,1.607500999999666,6820.0
6609,22.0,1.6226969556156452,6923.0
6610,12.0,1.9155850125951042,1728.0
6611,18.0,1.597093848110997,7587.0
6612,16.0,1.6492194863757814,6449.0
6613,15.0,1.8054717016554733,4123.0
6614,19.0,1.6140398831948397,8493.0
6615,21.0,1.7245442311443993,3533.0
6616,17.0,1.7688521362083247,4493.0
6617,17.0,1.735844133377699,4036.0
6618,13.0,1.849222771739586,3437.0
6619,21.0,1.6344026655200257,5655.0
6620,22.0,1.5793190476514167,7798.0
6621,19.0,1.580027449305177,8755.0
6622,18.0,1.7826548314241937,4525.0
6623,19.0,1.8118965869097678,3303.0
6624,21.0,1.578763848258581,6840.0
6625,21.0,1.5959014491695178,9778.0
6626,16.0,1.896225847646749,2714.0
6627,14.0,1.7409346113581161,4493.0
6628,19.0,1.7757436632564925,4521.0
6629,19.0,1.6170983618606865,7117.0
6630,18.0,1.837086875550095,2959.0
6631,20.0,1.6861313479580278,5178.0
6632,19.0,1.5706483931846347,7135.0
6633,19.0,1.6026758201631555,6154.0
6634,22.0,1.522733495058806,9120.0
6635,21.0,1.6580170125795342,5302.0
6636,17.0,1.9416088738958122,1607.0
6637,16.0,1.6488680328593128,7432.0
6638,19.0,1.628832062652992,8935.0
6639,18.0,1.8033262829647512,2532.0
6640,17.0,1.5915055393270419,8705.0
6641,16.0,1.6531469899961235,4938.0
6642,20.0,1.560879484638637,7947.0
6643,18.0,1.671197480964591,5999.0
6644,20.0,1.586649154031806,9290.0
6645,20.0,1.5550715180021746,8362.0
6646,20.0,1.7433306365458132,3772.0
6647,19.0,1.673186072650667,5201.0
6648,18.0,1.6827212543696997,6879.0
6649,17.0,1.653620860044165,8040.0
6650,18.0,1.6772531272581934,5180.0
6651,18.0,1.6139397342107005,7675.0
6652,16.0,1.7796964329759946,3017.0
6653,14.0,1.6577774114809352,5450.0
6654,19.0,1.639019474810044,5708.0
6655,15.0,1.5879590179640959,7063.0
6656,15.0,1.9686734078546713,2183.0
6657,19.0,1.7163420953857564,4782.0
6658,16.0,1.7711648613905875,3405.0
6659,19.0,1.7702242265020163,3625.0
6660,14.0,1.6911132386371313,5603.0
6661,15.0,1.6650130669013055,5247.0
6662,18.0,1.6724696021732217,5581.0
6663,17.0,1.6543352590060865,6818.0
6664,17.0,1.7055737363613408,5090.0
6665,19.0,1.5339593757329342,8438.0
6666,14.0,1.8296325628984345,2991.0
6667,18.0,1.5874211374872533,8706.0
6668,18.0,1.6968859255510533,5302.0
6669,19.0,1.634946105258765,8424.0
6670,15.0,1.9666851637231377,1455.0
6671,19.0,1.8054666543349887,2714.0
6672,21.0,1.5997825230331215,6898.0
6673,17.0,1.6796013336553284,6449.0
6674,19.0,1.641788947420459,5611.0
6675,17.0,1.911971002261075,2532.0
6676,15.0,1.7554725255792107,3734.0
6677,17.0,1.7151185829676086,4384.0
6678,18.0,1.6093242460609938,8982.0
6679,14.0,1.7638070183105785,4729.0
6680,18.0,1.614162286714731,8582.0
6681,13.0,1.752301027271907,4036.0
6682,17.0,1.7622714616387134,3558.0
6683,19.0,1.7349592707059598,4938.0
6684,18.0,1.7309380799850451,4613.0
6685,14.0,2.006345563326791,1576.0
6686,17.0,1.653423065770337,7577.0
6687,18.0,1.7561247581908161,5437.0
6688,20.0,1.7030771109636644,5159.0
6689,17.0,1.647121422072547,5490.0
6690,21.0,1.6103561186896809,7054.0
6691,14.0,1.9359655423212765,2186.0
6692,20.0,1.7177783161393478,4219.0
6693,15.0,1.8642899333202814,1909.0
6694,18.0,1.7218018815187695,3639.0
6695,15.0,1.6654968927816614,6717.0
6696,17.0,1.8926967263816386,2507.0
6697,15.0,1.5982498101558642,7678.0
6698,16.0,1.7536659390994567,4938.0
6699,15.0,1.645796308424722,5514.0
6700,18.0,1.7997681896757776,3772.0
6701,22.0,1.5502197069784494,8353.0
6702,21.0,1.6475294252230774,6260.0
6703,16.0,1.617511833247448,5920.0
6704,16.0,1.5965207432367232,8199.0
6705,16.0,1.7791284671682153,3994.0
6706,18.0,1.8490721304821047,2787.0
6707,16.0,1.8473475346372747,2183.0
6708,15.0,1.7271427410592903,5251.0
6709,18.0,1.636395340517672,8071.0
6710,17.0,1.7519446612164271,2971.0
6711,14.0,1.7603882208608645,3143.0
6712,14.0,1.8422464677478017,2863.0
6713,14.0,1.8643817385137182,2145.0
6714,20.0,1.627476707910759,9057.0
6715,14.0,1.695099137958859,4559.0
6716,18.0,1.8068568977382022,2680.0
6717,22.0,1.5835656875293678,8438.0
6718,18.0,1.7194203255763045,4374.0
6719,18.0,1.6089132020842363,8416.0
6720,21.0,1.564509573654239,7602.0
6721,17.0,1.7887751851328042,2720.0
6722,20.0,1.5702592724091544,7663.0
6723,18.0,1.6100790619365657,8283.0
6724,18.0,1.6366132940408233,7923.0
6725,18.0,1.949266409585646,1461.0
6726,16.0,1.626975320103857,7577.0
6727,17.0,1.6662005967771654,6390.0
6728,18.0,1.6354005512750447,8045.0
6729,19.0,1.8972843045524646,1728.0
6730,19.0,1.6328329463098976,8633.0
6731,14.0,1.8685099796094697,2380.0
6732,19.0,1.7499629569177857,4096.0
6733,17.0,1.8844505200077601,2144.0
6734,18.0,1.70808676695233,5630.0
6735,14.0,1.8119264697063406,3558.0
6736,14.0,1.9071639293083373,1728.0
6737,18.0,1.657238952268403,4752.0
6738,16.0,2.071018323534701,818.0
6739,22.0,1.5488610860612142,9290.0
6740,14.0,1.6548827756132416,5655.0
6741,17.0,1.7380302752739454,4254.0
6742,18.0,1.6885738695994743,5640.0
6743,19.0,1.70918551457216,4171.0
6744,17.0,1.7462554238947088,4525.0
6745,19.0,1.7061249478333504,5490.0
6746,20.0,1.8326757764305612,2380.0
6747,19.0,1.7977649153277082,3994.0
6748,13.0,1.8877876427986116,2230.0
6749,21.0,1.5558661217893857,8973.0
6750,18.0,1.7097871529895001,4109.0
6751,17.0,1.584463376703838,6818.0
6752,18.0,1.6262333201224646,7275.0
6753,21.0,1.6408916758525423,5490.0
6754,14.0,1.699530649263536,4384.0
6755,16.0,1.7109541503467713,4436.0
6756,15.0,1.7310032673270188,4970.0
6757,14.0,1.880100790378246,2186.0
6758,18.0,1.6527902615701504,5017.0
6759,18.0,1.6912798893857528,4515.0
6760,19.0,1.6738936689689976,4427.0
6761,16.0,1.8840137128195535,1632.0
6762,15.0,1.8436292282580662,3625.0
6763,19.0,1.8193450176799426,2554.0
6764,15.0,1.6593140048685764,5694.0
6765,18.0,1.7947843230889082,3558.0
6766,18.0,1.655992461920153,7383.0
6767,15.0,1.5957441160354213,6741.0
6768,20.0,1.7116651392595734,4852.0
6769,19.0,1.6759629641355092,7594.0
6770,13.0,1.8495597795217131,3003.0
6771,15.0,1.5859303106182834,7332.0
6772,21.0,1.5667605224962844,7577.0
6773,19.0,1.7585722852688686,3227.0
6774,17.0,1.6677865136335355,5737.0
6775,19.0,1.6088296787785867,8159.0
6776,15.0,1.653574751029919,5630.0
6777,17.0,1.7377063011071594,4615.0
6778,17.0,1.6865265144297379,7064.0
6779,14.0,1.8950063258746526,1728.0
6780,22.0,1.5741665586970894,8100.0
6781,20.0,1.6271410454565345,8635.0
6782,18.0,1.5744427457178476,6544.0
6783,14.0,1.7145558539476495,4655.0
6784,18.0,1.7886312277195089,3081.0
6785,13.0,1.810975089820877,2572.0
6786,16.0,1.6914105287393313,6580.0
6787,17.0,1.7332115057365451,4374.0
6788,16.0,1.6033258422064607,6683.0
6789,14.0,1.8726442162684025,3143.0
6790,17.0,1.6005253751668975,9401.0
6791,17.0,1.6282930643941254,6324.0
6792,19.0,1.6549093382398947,7577.0
6793,22.0,1.5624145124211737,7318.0
6794,14.0,1.7045497207189806,5674.0
6795,20.0,1.5064303629788411,9440.0
6796,20.0,1.6521815124801644,5763.0
6797,18.0,1.5830716031173089,7534.0
6798,14.0,1.657349008585239,5514.0
6799,18.0,1.706704639610158,5308.0
6800,17.0,1.808527581651657,2572.0
6801,21.0,1.615931541505403,6804.0
6802,18.0,1.7707350714807641,4286.0
6803,14.0,1.87100885879324,2680.0
6804,16.0,1.7636642708000116,4450.0
6805,18.0,1.6202393482330133,8343.0
6806,18.0,1.6550458166268849,7534.0
6807,18.0,1.6507301188230787,5312.0
6808,17.0,1.7680256530509793,4323.0
6809,14.0,1.8330790439736926,3366.0
6810,15.0,1.6468475688975752,6530.0
6811,15.0,1.6544907040470747,4986.0
6812,17.0,1.685380959213376,4384.0
6813,15.0,2.0326925675617082,1137.0
6814,18.0,1.645085745601275,6021.0
6815,16.0,1.6558405321117435,5892.0
6816,21.0,1.6618098514809163,5308.0
6817,19.0,1.6561254615852212,7594.0
6818,17.0,1.8206105445273346,3424.0
6819,15.0,1.7516278765872193,3810.0
6820,18.0,1.5985016788971942,7999.0
6821,12.0,1.8280037582915183,2616.0
6822,21.0,1.68438348185695,5308.0
6823,16.0,1.709572451436022,3992.0
6824,18.0,1.5396120634251982,9655.0
6825,12.0,2.0493804711450423,1455.0
6826,18.0,1.7882597208343645,3639.0
6827,16.0,1.7562588241185126,3772.0
6828,15.0,1.583407681836717,7587.0
6829,17.0,1.6399893877342273,7197.0
6830,14.0,1.627147715253056,6199.0
6831,17.0,1.6566567371802885,6260.0
6832,17.0,1.567058375910389,8783.0
6833,22.0,1.5443789484674562,9998.0
6834,15.0,2.006665278300523,1016.0
6835,19.0,1.7711340822879236,3017.0
6836,17.0,1.6211293458107843,7602.0
6837,18.0,1.715079189677744,5892.0
6838,16.0,1.60416370098518,7766.0
6839,22.0,1.546063741772191,8633.0
6840,12.0,1.9755541630017708,1606.0
6841,19.0,1.679778766923437,4689.0
6842,17.0,1.8819018615194902,2450.0
6843,18.0,1.6387972074590507,9159.0
6844,19.0,1.562906242983089,7348.0
6845,18.0,1.5916510425032497,7468.0
6846,16.0,1.6353098385772094,6675.0
6847,19.0,1.7476681998240169,3951.0
6848,18.0,1.6090701800855645,7181.0
6849,16.0,1.7447706018166085,5490.0
6850,15.0,1.6210203327513686,7622.0
6851,18.0,1.675550314610322,6133.0
6852,16.0,1.7479810353066836,4427.0
6853,17.0,1.6541411364608107,4450.0
6854,18.0,1.7202486892563296,4234.0
6855,17.0,1.8570728328666393,2186.0
6856,17.0,1.7469382566770917,3951.0
6857,17.0,1.9743133402417468,1909.0
6858,17.0,1.5922986241756723,8520.0
6859,19.0,1.6252290821210686,8349.0
6860,15.0,1.7028574166640695,5423.0
6861,13.0,1.9411290733308812,1461.0
6862,20.0,1.6747510641973014,6972.0
6863,16.0,1.7625826595944067,4501.0
6864,15.0,1.7443516774776595,4559.0
6865,18.0,1.5604041120698116,9240.0
6866,13.0,2.126192997511976,1100.0
6867,18.0,1.6231566847639558,8935.0
6868,16.0,1.575864637503741,8004.0
6869,15.0,1.9553736356419416,2084.0
6870,17.0,1.625622043100699,5499.0
6871,15.0,1.8301340444506355,2600.0
6872,14.0,1.6582146434092655,5917.0
6873,19.0,1.7641289408842544,3347.0
6874,14.0,1.7943914558297978,4493.0
6875,14.0,1.9189136391606785,1469.0
6876,18.0,1.7114104607994276,4299.0
6877,14.0,1.8926545371301053,1677.0
6878,18.0,1.7446528201402263,4752.0
6879,17.0,1.6170205857169884,7577.0
6880,21.0,1.760949505558448,3307.0
6881,19.0,1.613178202883849,9920.0
6882,20.0,1.614784783222847,9435.0
6883,19.0,1.6515748069705616,5729.0
6884,19.0,1.588716302598846,7035.0
6885,17.0,1.9426571323377793,1909.0
6886,19.0,1.8040218882983399,2507.0
6887,18.0,1.6667198642461811,4938.0
6888,19.0,1.5687212224507043,7021.0
6889,16.0,1.681955794275672,6533.0
6890,20.0,1.5965060900277197,7758.0
6891,17.0,1.779585841029057,4655.0
6892,17.0,1.7793924964421772,2532.0
6893,15.0,1.9501130765709094,1429.0
6894,15.0,1.7234763036353844,5892.0
6895,18.0,1.701478531534682,4025.0
6896,14.0,1.9625408173515946,2230.0
6897,17.0,1.7808083586125016,4025.0
6898,15.0,1.768295214019356,4302.0
6899,17.0,1.7244813908397505,3871.0
6900,15.0,1.6711951793765745,5980.0
6901,14.0,1.690790080274312,4864.0
6902,18.0,1.6143592094644625,8799.0
6903,16.0,1.7922156883901965,3452.0
6904,17.0,1.684565584056144,7117.0
6905,17.0,1.6813534817047766,6885.0
6906,18.0,1.7079892869088076,4525.0
6907,22.0,1.5615781114627378,7745.0
6908,15.0,1.7205425777487364,5812.0
6909,17.0,1.7377666749791465,5358.0
6910,22.0,1.5435391020743434,9587.0
6911,16.0,1.650705717821104,6184.0
6912,20.0,1.6567941993562345,5146.0
6913,20.0,1.5331016602341656,9317.0
6914,16.0,1.6960712515900913,5878.0
6915,14.0,1.893687489599851,2507.0
6916,22.0,1.626071790164049,6374.0
6917,19.0,1.67341309752697,7072.0
6918,19.0,1.7562568956067017,2714.0
6919,18.0,1.7497034804056664,4969.0
6920,16.0,1.7259525493883479,5178.0
6921,15.0,1.902572342129087,2572.0
6922,15.0,1.819339115329036,2959.0
6923,20.0,1.840279867287968,2572.0
6924,19.0,1.5911090344911627,6200.0
6925,17.0,1.531614488428631,8721.0
6926,13.0,1.757961328545778,3558.0
6927,21.0,1.6125746293738223,7430.0
6928,19.0,1.7832382517293843,3810.0
6929,19.0,1.706951934695634,4515.0
6930,18.0,1.8557556871087688,2230.0
6931,19.0,1.8176514795392134,2558.0
6932,21.0,1.6548001963505226,5247.0
6933,16.0,1.718613129604203,5017.0
6934,16.0,1.7416264880264274,3996.0
6935,17.0,1.650689344308594,5395.0
6936,16.0,1.7679901245070448,2989.0
6937,20.0,1.7873586080209334,2532.0
6938,18.0,1.7215682219962034,5452.0
6939,16.0,1.6000567521276126,6675.0
6940,17.0,1.8242076760339208,2714.0
6941,14.0,1.822368349653572,3405.0
6942,17.0,1.824925832299454,3597.0
6943,21.0,1.608256366152432,8292.0
6944,15.0,1.6340241099790078,7332.0
6945,18.0,1.7368167812785709,4515.0
6946,14.0,1.706455559236774,4516.0
6947,19.0,1.587268230119906,9710.0
6948,22.0,1.5700197198438235,8292.0
6949,14.0,2.067064716054951,891.0
6950,19.0,1.7457209120263057,3407.0
6951,16.0,1.773849069838346,3017.0
6952,16.0,1.8735118577175598,3099.0
6953,18.0,1.6278360788972106,8755.0
6954,17.0,1.5979694939946878,7332.0
6955,19.0,1.7184194342808292,4427.0
6956,17.0,1.8286527923512303,2558.0
6957,18.0,1.7763176564951513,3602.0
6958,18.0,1.6584401691772956,6818.0
6959,15.0,1.7289009072478354,5450.0
6960,12.0,1.835238352331243,2959.0
6961,15.0,1.7663568998740684,3086.0
6962,14.0,1.6400913671078914,5490.0
6963,20.0,1.6297252765815664,7602.0
6964,17.0,1.9784515519152066,1429.0
6965,17.0,1.5512229028627116,8199.0
6966,18.0,1.8169864955904222,3625.0
6967,18.0,1.6895213580113988,6717.0
6968,17.0,1.6700804533901976,6557.0
6969,17.0,1.6745764250639903,6530.0
6970,16.0,1.7806858961904934,3840.0
6971,18.0,1.634662653007341,7602.0
6972,18.0,1.8116034495391085,3460.0
6973,18.0,1.6774015820942265,7081.0
6974,17.0,1.674588277956825,5434.0
6975,20.0,1.6870352401616682,4958.0
6976,16.0,1.6167531298223656,6972.0
6977,18.0,1.6794476404616216,5202.0
6978,18.0,1.9140880377928966,2507.0
6979,13.0,1.856808502858535,2971.0
6980,19.0,1.6462263919947804,4942.0
6981,20.0,1.6647583430454573,6574.0
6982,21.0,1.5961514356016615,9360.0
6983,17.0,1.825388117390893,2443.0
6984,16.0,1.6234536880762869,5694.0
6985,19.0,1.576649255125942,8465.0
6986,19.0,1.6018346768320826,6405.0
6987,16.0,1.5930426633559573,7419.0
6988,22.0,1.555134795511038,8146.0
6989,18.0,1.531967813022315,8339.0
6990,15.0,1.744791496326018,5090.0
6991,18.0,1.7198227655614993,3810.0
6992,20.0,1.5605591841675583,8233.0
6993,20.0,1.5993156650527913,9644.0
6994,16.0,1.8150173316214468,2507.0
6995,18.0,1.6272645612354653,7081.0
6996,12.0,1.8370249584875076,2683.0
6997,18.0,1.8502896326200164,3140.0
6998,15.0,1.828634488040386,3911.0
6999,20.0,1.6239500115276266,8292.0
7000,19.0,1.8610647836795087,1921.0
7001,15.0,1.7737728356442297,4720.0
